LA_name,LA_code,Total,D,S,T,F
Adur,E07000223,27678,5030,10567,5758,5004
Allerdale,E07000026,43973,12474,14914,12808,2519
Amber Valley,E07000032,56277,20624,20632,11157,2631
Arun,E07000224,72662,24179,18174,14057,11583
Ashfield,E07000170,54508,16512,22942,10598,3469
Ashford,E07000105,53580,17509,16430,11909,5787
Babergh,E07000200,40200,16778,12119,8293,2184
Barking and Dagenham,E09000002,73899,3751,16358,30754,20451
Barnet,E09000003,148917,15046,40919,22155,54446
Barnsley,E08000016,108055,25317,49183,25178,6745
Barrow-in-Furness,E07000027,31259,4015,9721,14187,2479
Basildon,E07000066,76362,16660,20264,24924,13183
Basingstoke and Deane,E07000084,76645,23193,19880,20736,10893
Bassetlaw,E07000171,51458,18078,21301,8111,2824
Bath and North East Somerset,E06000022,79250,17678,22713,21579,10672
Bedford,E06000055,74950,20813,24743,14941,10679
Bexley,E09000004,95298,7054,42154,22536,20318
Birmingham,E08000025,423455,47332,150608,117527,88786
Blaby,E07000129,42575,16122,19474,4290,2089
Blackburn with Darwen,E06000008,58766,8945,17343,25507,5550
Blackpool,E06000009,64791,6207,25548,19105,8771
Blaenau Gwent,W06000019,30338,3610,8691,15157,2268
Bolsover,E07000033,35265,10298,15809,7091,1542
Bolton,E08000001,118791,20799,42656,39464,13194
Boston,E07000136,29404,12566,9540,3833,2726
"Bournemouth, Christchurch and Poole",E06000058,173842,61946,30018,17150,46587
Bracknell Forest,E06000036,50248,13532,10917,14477,9602
Bradford,E08000032,209867,30851,76995,69168,24306
Braintree,E07000067,64986,19060,22537,14498,7317
Breckland,E07000143,60358,28226,17941,9687,3244
Brent,E09000005,118612,7142,26467,17697,45086
Brentwood,E07000068,32342,9815,10320,4823,6006
Bridgend,W06000013,62360,15839,24570,15556,4899
Brighton and Hove,E06000043,121402,12541,23918,24095,33449
"Bristol, City of",E06000023,191638,11550,51061,61440,42039
Broadland,E07000144,57764,26440,21802,6131,2320
Bromley,E09000006,135827,24563,40562,27990,31895
Bromsgrove,E07000234,41265,15711,14902,5878,3642
Broxbourne,E07000095,39850,6102,11538,11710,9189
Broxtowe,E07000172,48363,17519,17392,7816,4524
Buckinghamshire,E06000060,220328,75661,66450,39127,31682
Burnley,E07000117,39873,5650,11921,18580,2788
Bury,E08000002,80695,15185,31115,22817,9735
Caerphilly,W06000018,76257,13093,30283,26464,5090
Calderdale,E08000033,90476,13730,25842,37356,9813
Cambridge,E07000008,52472,5700,13843,14478,16107
Camden,E09000007,92759,1584,3294,7504,52159
Cannock Chase,E07000192,43459,13006,20293,5183,4092
Canterbury,E07000106,63793,20082,19750,11055,8925
Cardiff,W06000015,147334,20772,43709,43617,29755
Carlisle,E07000028,50662,12643,18558,13638,4268
Carmarthenshire,W06000010,81762,32928,27390,15352,3802
Castle Point,E07000069,37389,15580,14257,2842,2866
Central Bedfordshire,E06000056,120755,35355,41573,28303,12296
Ceredigion,W06000008,30897,15661,7146,4342,1986
Charnwood,E07000130,73785,23765,28527,13215,6364
Chelmsford,E07000070,75403,22310,23467,14117,13380
Cheltenham,E07000078,52898,9690,17599,11108,10148
Cherwell,E07000177,65897,20046,23194,14268,6408
Cheshire East,E06000049,174856,63928,56799,34980,14284
Cheshire West and Chester,E06000050,155156,47457,56297,31924,15140
Chesterfield,E07000034,48057,11874,21594,8564,4885
Chichester,E07000225,54118,19290,15378,9973,6993
Chorley,E07000118,50130,16018,16548,12683,3931
City of London,E09000001,4914,7,15,78,4273
Colchester,E07000071,79709,24439,24512,14398,14157
Conwy,W06000003,52235,18928,16541,7381,5947
Copeland,E07000029,30792,7572,11829,9096,1413
Cornwall,E06000052,250535,93105,66437,54967,20842
Cotswold,E07000079,40597,15135,12523,8099,3365
County Durham,E06000047,234761,48799,89775,83017,9623
Coventry,E08000026,134140,15498,40312,53515,21079
Craven,E07000163,26070,6724,7563,8936,1298
Crawley,E07000226,45500,6480,10322,17014,10807
Croydon,E09000008,152946,18714,37841,35580,44285
Dacorum,E07000096,63413,13526,15876,18918,13086
Darlington,E06000005,48920,9331,19148,13937,5271
Dartford,E07000107,45696,6025,14398,14103,9762
Denbighshire,W06000004,42384,18520,13551,5433,3111
Derby,E06000015,105653,25428,41273,23082,12936
Derbyshire Dales,E07000035,32279,13376,10185,5689,1988
Doncaster,E08000017,133480,32223,60700,28207,8534
Dorset,E06000059,169261,68763,39588,32748,19578
Dover,E07000108,50548,11828,15695,14112,6180
Dudley,E08000027,137069,29595,66305,21158,16425
Ealing,E09000009,133659,6798,29225,31261,46120
East Cambridgeshire,E07000009,37204,15623,11946,6302,2232
East Devon,E07000040,66786,25712,18114,12997,6069
East Hampshire,E07000085,52722,22023,13606,9185,6205
East Hertfordshire,E07000242,62022,17112,18799,13467,10622
East Lindsey,E07000137,64754,32593,17833,7114,3673
East Riding of Yorkshire,E06000011,152065,53673,55372,28943,9684
East Staffordshire,E07000193,51293,16885,16661,11542,4917
East Suffolk,E07000244,110745,43732,32076,23105,7704
Eastbourne,E07000061,45609,7630,9908,10879,12395
Eastleigh,E07000086,56922,18973,16190,12123,8044
Eden,E07000030,24613,9642,7623,4845,1589
Elmbridge,E07000207,55588,18146,14384,9232,11500
Enfield,E09000010,120923,9059,29986,34911,36776
Epping Forest,E07000072,54558,12611,17711,11716,10448
Epsom and Ewell,E07000208,31321,8273,10935,4144,6546
Erewash,E07000036,50333,14528,22457,9087,2970
Exeter,E07000041,52551,7943,14140,16458,10306
Fareham,E07000087,48639,17497,15670,8909,5547
Fenland,E07000010,44081,20154,13187,6316,3126
Flintshire,W06000005,66910,25985,27073,9019,3488
Folkestone and Hythe,E07000112,48338,13262,12566,10438,7268
Forest of Dean,E07000080,37216,16649,12702,4983,1654
Fylde,E07000119,37605,11067,12061,6262,5231
Gateshead,E08000037,88999,10364,38460,22239,14652
Gedling,E07000173,51552,20119,17741,7672,4902
Gloucester,E07000081,55406,11646,21950,11475,8118
Gosport,E07000088,35922,4824,9877,12601,7317
Gravesham,E07000109,41724,6837,13799,12511,6745
Great Yarmouth,E07000145,44542,13479,10908,12613,5155
Greenwich,E09000011,114054,4656,20106,30419,49157
Guildford,E07000209,55762,18664,18188,7588,8404
Gwynedd,W06000002,51104,17732,12980,15300,3098
Hackney,E09000012,106079,1433,3816,14729,64067
Halton,E06000006,55951,11746,19285,18675,5317
Hambleton,E07000164,40802,17377,12527,7817,2138
Hammersmith and Fulham,E09000013,81243,933,3790,15280,39074
Harborough,E07000131,40414,19739,11794,5815,2237
Haringey,E09000014,105092,4057,9899,26896,37181
Harlow,E07000073,37856,3863,6551,17166,9466
Harrogate,E07000165,71169,22880,21976,13760,7208
Harrow,E09000015,89642,10174,33281,15136,23528
Hart,E07000089,39966,16982,10238,7273,4496
Hartlepool,E06000001,40932,8086,14537,13469,3995
Hastings,E07000062,40454,7732,8836,9155,8074
Havant,E07000090,53592,15181,15840,12241,8806
Havering,E09000016,101277,11276,41729,24643,20101
"Herefordshire, County of",E06000019,82827,35100,23379,13535,6949
Hertsmere,E07000098,42682,7985,13839,8700,10576
High Peak,E07000037,40772,9765,12469,13482,2993
Hillingdon,E09000017,109225,15182,38338,21773,28585
Hinckley and Bosworth,E07000132,49447,18712,18659,7741,3299
Horsham,E07000227,62371,23201,16747,10659,9723
Hounslow,E09000018,102961,5022,29477,21123,38538
Huntingdonshire,E07000011,76878,30548,23248,13860,7027
Hyndburn,E07000120,34790,4409,9518,17536,2563
Ipswich,E07000202,59504,8429,22907,13267,12311
Isle of Anglesey,W06000001,30825,14623,7051,6827,1423
Isle of Wight,E06000046,64775,22024,19076,9877,8572
Isles of Scilly,E06000053,939,321,220,166,77
Islington,E09000019,96496,826,2639,12265,55352
Kensington and Chelsea,E09000020,66884,767,2064,8561,37911
King's Lynn and West Norfolk,E07000146,67464,29872,21161,9652,4793
"Kingston upon Hull, City of",E06000010,115471,9676,33932,53953,13165
Kingston upon Thames,E09000021,65626,8284,20797,11300,19535
Kirklees,E08000034,177989,38467,60938,55986,17060
Knowsley,E08000011,66073,9929,28445,20845,6041
Lambeth,E09000022,134688,2726,10494,20194,69465
Lancaster,E07000121,59980,11657,22823,15302,6549
Leeds,E08000035,341466,52788,127950,85263,59601
Leicester,E06000016,127388,14467,46365,37181,22678
Lewes,E07000063,43689,15290,11924,7923,6161
Lewisham,E09000023,122393,3682,15884,32070,47837
Lichfield,E07000194,45630,17278,16135,6477,4596
Lincoln,E07000138,42509,8452,13061,12602,6783
Liverpool,E08000012,207491,17047,63639,78552,35589
Luton,E06000032,78942,10158,31781,17356,16209
Maidstone,E07000110,71207,18444,23687,15768,10331
Maldon,E07000074,27901,12543,8492,4065,1954
Malvern Hills,E07000235,34892,15441,10869,3891,2731
Manchester,E08000003,214732,11603,68528,60020,60411
Mansfield,E07000174,48031,14594,20776,8028,3592
Medway,E06000035,111458,16046,34408,41983,14768
Melton,E07000133,22597,9346,8216,3349,1119
Mendip,E07000187,50292,16137,16078,11918,4033
Merthyr Tydfil,W06000024,25783,4329,7317,12197,1414
Merton,E09000024,81728,4659,15514,29176,23191
Mid Devon,E07000042,35633,13703,10433,7870,2321
Mid Suffolk,E07000203,44343,20822,14437,6041,2099
Mid Sussex,E07000228,63351,21657,18994,9960,9829
Middlesbrough,E06000002,60262,10389,25485,16768,6457
Milton Keynes,E06000042,113102,31671,33130,27738,18825
Mole Valley,E07000210,37137,13978,10417,4445,5980
Monmouthshire,W06000021,40925,18030,11747,6829,3091
Neath Port Talbot,W06000012,62374,13305,26897,15855,5139
New Forest,E07000091,77566,35214,18667,11841,8522
Newark and Sherwood,E07000175,53331,20332,19829,8390,3355
Newcastle upon Tyne,E08000021,122798,11676,42492,28946,30478
Newcastle-under-Lyme,E07000195,53424,13642,23932,10341,4565
Newham,E09000025,115509,6337,11937,36118,50384
Newport,W06000022,66054,13654,20759,20549,8885
North Devon,E07000043,43197,17051,10177,9471,3617
North East Derbyshire,E07000038,45987,16871,19949,5896,2392
North East Lincolnshire,E06000012,69824,15597,24186,22044,5517
North Hertfordshire,E07000099,56732,13776,17305,13939,9686
North Kesteven,E07000139,50989,27549,15521,5282,1586
North Lincolnshire,E06000013,73172,25763,30620,9819,5076
North Norfolk,E07000147,48374,21614,14583,6963,3226
North Northamptonshire,E06000061,148918,44461,52529,34629,13574
North Somerset,E06000024,94647,31344,28469,14314,12303
North Tyneside,E08000022,96232,12051,40118,22090,17096
North Warwickshire,E07000218,27580,7965,10828,6227,1869
North West Leicestershire,E07000134,44974,18472,15690,7550,2206
Northumberland,E06000057,146922,39981,53097,37801,12097
Norwich,E07000148,64459,6612,14029,20606,19471
Nottingham,E06000018,124745,19464,41519,34147,23009
Nuneaton and Bedworth,E07000219,56587,14120,21569,13649,5968
Oadby and Wigston,E07000135,22614,6776,10683,3253,1527
Oldham,E08000004,93140,12356,33440,35838,9857
Oxford,E07000178,55239,5257,17531,15353,13310
Pembrokeshire,W06000009,55487,23707,15301,10121,3928
Pendle,E07000122,38066,5516,9318,20064,2269
Peterborough,E06000031,84533,23554,27721,18495,12436
Plymouth,E06000026,114558,13017,34537,37592,18588
Portsmouth,E06000044,86155,3864,14218,37361,22794
Powys,W06000023,60182,29176,15351,10134,3187
Preston,E07000123,59607,11348,20358,17431,8318
Reading,E06000038,67682,8291,17548,19083,18210
Redbridge,E09000026,103713,7229,27965,33469,26303
Redcar and Cleveland,E06000003,61637,12449,27942,15666,4005
Redditch,E07000236,36378,10014,11419,9393,4731
Reigate and Banstead,E07000211,59849,16679,17720,9596,12839
Rhondda Cynon Taff,W06000016,103339,17012,28717,48928,6780
Ribble Valley,E07000124,26747,9217,7659,7558,1491
Richmond upon Thames,E09000027,80705,6683,20164,21431,22721
Richmondshire,E07000166,20945,7497,7515,4226,1057
Rochdale,E08000005,90223,15155,32358,31026,9916
Rochford,E07000075,35557,11951,16310,2811,3315
Rossendale,E07000125,30561,6634,8041,12675,2322
Rother,E07000064,42102,17719,9620,5452,5973
Rotherham,E08000018,113924,25415,56050,20689,9957
Rugby,E07000220,47013,14350,15938,10615,4836
Runnymede,E07000212,34839,9032,11190,5369,6922
Rushcliffe,E07000176,49884,23373,15394,5600,3810
Rushmoor,E07000092,39303,6491,12597,9238,9121
Rutland,E06000017,16694,7753,4710,2826,952
Ryedale,E07000167,24715,10135,8124,4537,1183
Salford,E08000006,115117,10764,39987,29241,31999
Sandwell,E08000028,130246,15453,57980,31724,21923
Scarborough,E07000168,51123,11922,17274,10684,6899
Sedgemoor,E07000188,53901,17703,17416,11565,4962
Sefton,E08000014,123073,19926,56728,22585,16693
Selby,E07000169,39561,16243,13615,6841,2195
Sevenoaks,E07000111,49013,16223,14044,10962,5745
Sheffield,E08000019,231952,34839,88149,60285,40731
Shropshire,E06000051,139583,57267,46762,21998,8467
Slough,E06000039,52422,5453,15513,13775,15533
Solihull,E08000029,89483,25497,33536,14102,14754
Somerset West and Taunton,E07000246,69986,21926,20782,15815,8005
South Cambridgeshire,E07000012,66995,27602,22639,11247,4033
South Derbyshire,E07000039,45240,18672,15770,7743,2123
South Gloucestershire,E06000025,118101,31401,40784,30133,12339
South Hams,E07000044,39335,15663,11029,8215,2414
South Holland,E07000140,40703,21870,12661,3943,1337
South Kesteven,E07000141,62849,26261,19391,10994,4265
South Lakeland,E07000031,47657,15108,14655,11042,4149
South Norfolk,E07000149,61382,30430,19062,7674,3141
South Oxfordshire,E07000179,61497,21670,20433,11348,5526
South Ribble,E07000126,48585,14458,21651,8169,3443
South Somerset,E07000189,75937,25568,23944,17476,6185
South Staffordshire,E07000196,46125,18240,18073,4957,3395
South Tyneside,E08000023,68286,6408,29261,18704,10952
Southampton,E06000045,102293,13291,26344,20089,35540
Southend-on-Sea,E06000033,78343,12347,24276,13335,15982
Southwark,E09000028,130818,2377,7400,18764,84281
Spelthorne,E07000213,41804,7958,14290,8235,9525
St Albans,E07000240,58990,15495,17838,11819,11090
St. Helens,E08000013,81011,12833,38054,22929,5824
Stafford,E07000197,60048,23097,19639,9835,5733
Staffordshire Moorlands,E07000198,42355,17251,16034,6660,1355
Stevenage,E07000243,36513,4354,7133,16848,7356
Stockport,E08000007,126648,27416,52145,26512,16692
Stockton-on-Tees,E06000004,83756,22209,35494,18298,6444
Stoke-on-Trent,E06000021,110400,16542,50860,30437,10166
Stratford-on-Avon,E07000221,59461,22562,18740,10693,5323
Stroud,E07000082,52378,19286,17216,9833,4021
Sunderland,E08000024,122177,16201,55039,35518,12158
Surrey Heath,E07000214,36005,15738,9152,4481,5300
Sutton,E09000029,82348,8611,23003,20167,25737
Swale,E07000113,60495,14477,20406,18041,5224
Swansea,W06000011,104961,25167,36244,26665,13199
Swindon,E06000030,95862,21354,29458,27788,14584
Tameside,E08000008,99526,11904,38449,33953,12799
Tamworth,E07000199,32895,8763,12665,7052,3636
Tandridge,E07000215,35623,12692,9916,4844,6323
Teignbridge,E07000045,59837,22214,15003,13183,4916
Telford and Wrekin,E06000020,76509,23899,29065,15539,6492
Tendring,E07000076,67451,26999,21191,7435,8387
Test Valley,E07000093,54708,20554,14714,11883,6042
Tewkesbury,E07000083,40931,14625,14240,7458,3346
Thanet,E07000114,62200,12622,18441,13778,10978
Three Rivers,E07000102,36859,9584,12976,6801,6308
Thurrock,E06000034,66378,8295,22883,19405,14411
Tonbridge and Malling,E07000115,53573,14478,19843,11506,6261
Torbay,E06000027,62995,14125,15617,14226,10818
Torfaen,W06000020,40239,8061,11220,16130,4193
Torridge,E07000046,30455,13191,6974,7037,1816
Tower Hamlets,E09000030,120542,1127,2744,10654,97258
Trafford,E08000009,96269,14601,42193,19976,16236
Tunbridge Wells,E07000116,48224,13128,14606,8381,7919
Uttlesford,E07000077,36959,15507,11427,5803,3159
Vale of Glamorgan,W06000014,57450,15949,17532,15091,6333
Vale of White Horse,E07000180,57498,21151,17558,10387,6387
Wakefield,E08000036,153075,34197,68246,33718,13856
Walsall,E08000030,112226,20550,48092,23982,17027
Waltham Forest,E09000031,102901,4241,16840,35667,31555
Wandsworth,E09000032,137393,3031,9640,30521,66056
Warrington,E06000007,90539,22273,36508,20642,9294
Warwick,E07000222,62617,16000,20010,13086,10235
Watford,E07000103,39628,4152,11135,9839,11410
Waverley,E07000216,52447,21167,14422,7463,6934
Wealden,E07000065,68264,29838,21164,8554,5909
Welwyn Hatfield,E07000241,46209,9217,11254,14814,9820
West Berkshire,E06000037,66659,22031,21690,11369,8882
West Devon,E07000047,24817,10702,6570,4948,1552
West Lancashire,E07000127,48531,14794,18277,10184,4049
West Lindsey,E07000142,42345,20995,11472,7014,1554
West Northamptonshire,E06000062,172638,54696,54581,39859,18663
West Oxfordshire,E07000181,47977,16180,16129,10215,3995
West Suffolk,E07000245,78746,27589,22471,18429,8129
Westminster,E09000033,94814,1047,1735,6849,66514
Wigan,E08000010,143103,27450,65250,37347,10604
Wiltshire,E06000054,215081,75628,68361,44590,19107
Winchester,E07000094,51715,18714,13334,10372,6743
Windsor and Maidenhead,E06000040,60934,18704,15929,10908,12168
Wirral,E08000015,143252,24892,59592,33594,16980
Woking,E07000217,41439,12637,10246,7661,9413
Wokingham,E06000041,69165,29512,20178,9938,7625
Wolverhampton,E08000031,105141,17727,48334,17276,18296
Worcester,E07000237,44721,9910,15668,9659,7454
Worthing,E07000229,49538,10539,11725,9788,11817
Wrexham,W06000006,57916,18316,21801,11087,5647
Wychavon,E07000238,57355,23809,17665,9138,4518
Wyre,E07000128,50765,15200,20436,8738,3717
Wyre Forest,E07000239,45320,13347,16844,8342,4455
York,E06000014,85462,19192,30614,20365,11800
,,,,,,
,,,,,,
,,,,,,
,"In order to protect against disclosure of personal information, records",,,,,
,have been swapped between different geographic areas and counts perturbed,,,,,
,by small amounts. Small counts at the lowest geographies will be most,,,,,
,affected.,,,,,
